split,class,filename,binary_label
train,genuine,00000.jpg,genuine
train,tampered_text,00000.jpg,tampered
train,tampered_photo,00000.jpg,tampered
train,tampered_stamp,00000.jpg,tampered
train,genuine,00001.jpg,genuine
train,tampered_text,00001.jpg,tampered
train,tampered_photo,00001.jpg,tampered
train,tampered_stamp,00001.jpg,tampered
train,genuine,00002.jpg,genuine
train,tampered_text,00002.jpg,tampered
train,tampered_photo,00002.jpg,tampered
train,tampered_stamp,00002.jpg,tampered
train,genuine,00003.jpg,genuine
train,tampered_text,00003.jpg,tampered
train,tampered_photo,00003.jpg,tampered
train,tampered_stamp,00003.jpg,tampered
train,genuine,00004.jpg,genuine
train,tampered_text,00004.jpg,tampered
train,tampered_photo,00004.jpg,tampered
train,tampered_stamp,00004.jpg,tampered
train,genuine,00005.jpg,genuine
train,tampered_text,00005.jpg,tampered
train,tampered_photo,00005.jpg,tampered
train,tampered_stamp,00005.jpg,tampered
train,genuine,00006.jpg,genuine
train,tampered_text,00006.jpg,tampered
train,tampered_photo,00006.jpg,tampered
train,tampered_stamp,00006.jpg,tampered
train,genuine,00007.jpg,genuine
train,tampered_text,00007.jpg,tampered
train,tampered_photo,00007.jpg,tampered
train,tampered_stamp,00007.jpg,tampered
train,genuine,00008.jpg,genuine
train,tampered_text,00008.jpg,tampered
train,tampered_photo,00008.jpg,tampered
train,tampered_stamp,00008.jpg,tampered
train,genuine,00009.jpg,genuine
train,tampered_text,00009.jpg,tampered
train,tampered_photo,00009.jpg,tampered
train,tampered_stamp,00009.jpg,tampered
train,genuine,00010.jpg,genuine
train,tampered_text,00010.jpg,tampered
train,tampered_photo,00010.jpg,tampered
train,tampered_stamp,00010.jpg,tampered
train,genuine,00011.jpg,genuine
train,tampered_text,00011.jpg,tampered
train,tampered_photo,00011.jpg,tampered
train,tampered_stamp,00011.jpg,tampered
train,genuine,00012.jpg,genuine
train,tampered_text,00012.jpg,tampered
train,tampered_photo,00012.jpg,tampered
train,tampered_stamp,00012.jpg,tampered
train,genuine,00013.jpg,genuine
train,tampered_text,00013.jpg,tampered
train,tampered_photo,00013.jpg,tampered
train,tampered_stamp,00013.jpg,tampered
train,genuine,00014.jpg,genuine
train,tampered_text,00014.jpg,tampered
train,tampered_photo,00014.jpg,tampered
train,tampered_stamp,00014.jpg,tampered
train,genuine,00015.jpg,genuine
train,tampered_text,00015.jpg,tampered
train,tampered_photo,00015.jpg,tampered
train,tampered_stamp,00015.jpg,tampered
train,genuine,00016.jpg,genuine
train,tampered_text,00016.jpg,tampered
train,tampered_photo,00016.jpg,tampered
train,tampered_stamp,00016.jpg,tampered
train,genuine,00017.jpg,genuine
train,tampered_text,00017.jpg,tampered
train,tampered_photo,00017.jpg,tampered
train,tampered_stamp,00017.jpg,tampered
train,genuine,00018.jpg,genuine
train,tampered_text,00018.jpg,tampered
train,tampered_photo,00018.jpg,tampered
train,tampered_stamp,00018.jpg,tampered
train,genuine,00019.jpg,genuine
train,tampered_text,00019.jpg,tampered
train,tampered_photo,00019.jpg,tampered
train,tampered_stamp,00019.jpg,tampered
train,genuine,00020.jpg,genuine
train,tampered_text,00020.jpg,tampered
train,tampered_photo,00020.jpg,tampered
train,tampered_stamp,00020.jpg,tampered
train,genuine,00021.jpg,genuine
train,tampered_text,00021.jpg,tampered
train,tampered_photo,00021.jpg,tampered
train,tampered_stamp,00021.jpg,tampered
train,genuine,00022.jpg,genuine
train,tampered_text,00022.jpg,tampered
train,tampered_photo,00022.jpg,tampered
train,tampered_stamp,00022.jpg,tampered
train,genuine,00023.jpg,genuine
train,tampered_text,00023.jpg,tampered
train,tampered_photo,00023.jpg,tampered
train,tampered_stamp,00023.jpg,tampered
train,genuine,00024.jpg,genuine
train,tampered_text,00024.jpg,tampered
train,tampered_photo,00024.jpg,tampered
train,tampered_stamp,00024.jpg,tampered
train,genuine,00025.jpg,genuine
train,tampered_text,00025.jpg,tampered
train,tampered_photo,00025.jpg,tampered
train,tampered_stamp,00025.jpg,tampered
train,genuine,00026.jpg,genuine
train,tampered_text,00026.jpg,tampered
train,tampered_photo,00026.jpg,tampered
train,tampered_stamp,00026.jpg,tampered
train,genuine,00027.jpg,genuine
train,tampered_text,00027.jpg,tampered
train,tampered_photo,00027.jpg,tampered
train,tampered_stamp,00027.jpg,tampered
train,genuine,00028.jpg,genuine
train,tampered_text,00028.jpg,tampered
train,tampered_photo,00028.jpg,tampered
train,tampered_stamp,00028.jpg,tampered
train,genuine,00029.jpg,genuine
train,tampered_text,00029.jpg,tampered
train,tampered_photo,00029.jpg,tampered
train,tampered_stamp,00029.jpg,tampered
train,genuine,00030.jpg,genuine
train,tampered_text,00030.jpg,tampered
train,tampered_photo,00030.jpg,tampered
train,tampered_stamp,00030.jpg,tampered
train,genuine,00031.jpg,genuine
train,tampered_text,00031.jpg,tampered
train,tampered_photo,00031.jpg,tampered
train,tampered_stamp,00031.jpg,tampered
train,genuine,00032.jpg,genuine
train,tampered_text,00032.jpg,tampered
train,tampered_photo,00032.jpg,tampered
train,tampered_stamp,00032.jpg,tampered
train,genuine,00033.jpg,genuine
train,tampered_text,00033.jpg,tampered
train,tampered_photo,00033.jpg,tampered
train,tampered_stamp,00033.jpg,tampered
train,genuine,00034.jpg,genuine
train,tampered_text,00034.jpg,tampered
train,tampered_photo,00034.jpg,tampered
train,tampered_stamp,00034.jpg,tampered
train,genuine,00035.jpg,genuine
train,tampered_text,00035.jpg,tampered
train,tampered_photo,00035.jpg,tampered
train,tampered_stamp,00035.jpg,tampered
train,genuine,00036.jpg,genuine
train,tampered_text,00036.jpg,tampered
train,tampered_photo,00036.jpg,tampered
train,tampered_stamp,00036.jpg,tampered
train,genuine,00037.jpg,genuine
train,tampered_text,00037.jpg,tampered
train,tampered_photo,00037.jpg,tampered
train,tampered_stamp,00037.jpg,tampered
train,genuine,00038.jpg,genuine
train,tampered_text,00038.jpg,tampered
train,tampered_photo,00038.jpg,tampered
train,tampered_stamp,00038.jpg,tampered
train,genuine,00039.jpg,genuine
train,tampered_text,00039.jpg,tampered
train,tampered_photo,00039.jpg,tampered
train,tampered_stamp,00039.jpg,tampered
train,genuine,00040.jpg,genuine
train,tampered_text,00040.jpg,tampered
train,tampered_photo,00040.jpg,tampered
train,tampered_stamp,00040.jpg,tampered
train,genuine,00041.jpg,genuine
train,tampered_text,00041.jpg,tampered
train,tampered_photo,00041.jpg,tampered
train,tampered_stamp,00041.jpg,tampered
train,genuine,00042.jpg,genuine
train,tampered_text,00042.jpg,tampered
train,tampered_photo,00042.jpg,tampered
train,tampered_stamp,00042.jpg,tampered
train,genuine,00043.jpg,genuine
train,tampered_text,00043.jpg,tampered
train,tampered_photo,00043.jpg,tampered
train,tampered_stamp,00043.jpg,tampered
train,genuine,00044.jpg,genuine
train,tampered_text,00044.jpg,tampered
train,tampered_photo,00044.jpg,tampered
train,tampered_stamp,00044.jpg,tampered
train,genuine,00045.jpg,genuine
train,tampered_text,00045.jpg,tampered
train,tampered_photo,00045.jpg,tampered
train,tampered_stamp,00045.jpg,tampered
train,genuine,00046.jpg,genuine
train,tampered_text,00046.jpg,tampered
train,tampered_photo,00046.jpg,tampered
train,tampered_stamp,00046.jpg,tampered
train,genuine,00047.jpg,genuine
train,tampered_text,00047.jpg,tampered
train,tampered_photo,00047.jpg,tampered
train,tampered_stamp,00047.jpg,tampered
train,genuine,00048.jpg,genuine
train,tampered_text,00048.jpg,tampered
train,tampered_photo,00048.jpg,tampered
train,tampered_stamp,00048.jpg,tampered
train,genuine,00049.jpg,genuine
train,tampered_text,00049.jpg,tampered
train,tampered_photo,00049.jpg,tampered
train,tampered_stamp,00049.jpg,tampered
train,genuine,00050.jpg,genuine
train,tampered_text,00050.jpg,tampered
train,tampered_photo,00050.jpg,tampered
train,tampered_stamp,00050.jpg,tampered
train,genuine,00051.jpg,genuine
train,tampered_text,00051.jpg,tampered
train,tampered_photo,00051.jpg,tampered
train,tampered_stamp,00051.jpg,tampered
train,genuine,00052.jpg,genuine
train,tampered_text,00052.jpg,tampered
train,tampered_photo,00052.jpg,tampered
train,tampered_stamp,00052.jpg,tampered
train,genuine,00053.jpg,genuine
train,tampered_text,00053.jpg,tampered
train,tampered_photo,00053.jpg,tampered
train,tampered_stamp,00053.jpg,tampered
train,genuine,00054.jpg,genuine
train,tampered_text,00054.jpg,tampered
train,tampered_photo,00054.jpg,tampered
train,tampered_stamp,00054.jpg,tampered
train,genuine,00055.jpg,genuine
train,tampered_text,00055.jpg,tampered
train,tampered_photo,00055.jpg,tampered
train,tampered_stamp,00055.jpg,tampered
train,genuine,00056.jpg,genuine
train,tampered_text,00056.jpg,tampered
train,tampered_photo,00056.jpg,tampered
train,tampered_stamp,00056.jpg,tampered
train,genuine,00057.jpg,genuine
train,tampered_text,00057.jpg,tampered
train,tampered_photo,00057.jpg,tampered
train,tampered_stamp,00057.jpg,tampered
train,genuine,00058.jpg,genuine
train,tampered_text,00058.jpg,tampered
train,tampered_photo,00058.jpg,tampered
train,tampered_stamp,00058.jpg,tampered
train,genuine,00059.jpg,genuine
train,tampered_text,00059.jpg,tampered
train,tampered_photo,00059.jpg,tampered
train,tampered_stamp,00059.jpg,tampered
train,genuine,00060.jpg,genuine
train,tampered_text,00060.jpg,tampered
train,tampered_photo,00060.jpg,tampered
train,tampered_stamp,00060.jpg,tampered
train,genuine,00061.jpg,genuine
train,tampered_text,00061.jpg,tampered
train,tampered_photo,00061.jpg,tampered
train,tampered_stamp,00061.jpg,tampered
train,genuine,00062.jpg,genuine
train,tampered_text,00062.jpg,tampered
train,tampered_photo,00062.jpg,tampered
train,tampered_stamp,00062.jpg,tampered
train,genuine,00063.jpg,genuine
train,tampered_text,00063.jpg,tampered
train,tampered_photo,00063.jpg,tampered
train,tampered_stamp,00063.jpg,tampered
train,genuine,00064.jpg,genuine
train,tampered_text,00064.jpg,tampered
train,tampered_photo,00064.jpg,tampered
train,tampered_stamp,00064.jpg,tampered
train,genuine,00065.jpg,genuine
train,tampered_text,00065.jpg,tampered
train,tampered_photo,00065.jpg,tampered
train,tampered_stamp,00065.jpg,tampered
train,genuine,00066.jpg,genuine
train,tampered_text,00066.jpg,tampered
train,tampered_photo,00066.jpg,tampered
train,tampered_stamp,00066.jpg,tampered
train,genuine,00067.jpg,genuine
train,tampered_text,00067.jpg,tampered
train,tampered_photo,00067.jpg,tampered
train,tampered_stamp,00067.jpg,tampered
train,genuine,00068.jpg,genuine
train,tampered_text,00068.jpg,tampered
train,tampered_photo,00068.jpg,tampered
train,tampered_stamp,00068.jpg,tampered
train,genuine,00069.jpg,genuine
train,tampered_text,00069.jpg,tampered
train,tampered_photo,00069.jpg,tampered
train,tampered_stamp,00069.jpg,tampered
train,genuine,00070.jpg,genuine
train,tampered_text,00070.jpg,tampered
train,tampered_photo,00070.jpg,tampered
train,tampered_stamp,00070.jpg,tampered
train,genuine,00071.jpg,genuine
train,tampered_text,00071.jpg,tampered
train,tampered_photo,00071.jpg,tampered
train,tampered_stamp,00071.jpg,tampered
train,genuine,00072.jpg,genuine
train,tampered_text,00072.jpg,tampered
train,tampered_photo,00072.jpg,tampered
train,tampered_stamp,00072.jpg,tampered
train,genuine,00073.jpg,genuine
train,tampered_text,00073.jpg,tampered
train,tampered_photo,00073.jpg,tampered
train,tampered_stamp,00073.jpg,tampered
train,genuine,00074.jpg,genuine
train,tampered_text,00074.jpg,tampered
train,tampered_photo,00074.jpg,tampered
train,tampered_stamp,00074.jpg,tampered
train,genuine,00075.jpg,genuine
train,tampered_text,00075.jpg,tampered
train,tampered_photo,00075.jpg,tampered
train,tampered_stamp,00075.jpg,tampered
train,genuine,00076.jpg,genuine
train,tampered_text,00076.jpg,tampered
train,tampered_photo,00076.jpg,tampered
train,tampered_stamp,00076.jpg,tampered
train,genuine,00077.jpg,genuine
train,tampered_text,00077.jpg,tampered
train,tampered_photo,00077.jpg,tampered
train,tampered_stamp,00077.jpg,tampered
train,genuine,00078.jpg,genuine
train,tampered_text,00078.jpg,tampered
train,tampered_photo,00078.jpg,tampered
train,tampered_stamp,00078.jpg,tampered
train,genuine,00079.jpg,genuine
train,tampered_text,00079.jpg,tampered
train,tampered_photo,00079.jpg,tampered
train,tampered_stamp,00079.jpg,tampered
train,genuine,00080.jpg,genuine
train,tampered_text,00080.jpg,tampered
train,tampered_photo,00080.jpg,tampered
train,tampered_stamp,00080.jpg,tampered
train,genuine,00081.jpg,genuine
train,tampered_text,00081.jpg,tampered
train,tampered_photo,00081.jpg,tampered
train,tampered_stamp,00081.jpg,tampered
train,genuine,00082.jpg,genuine
train,tampered_text,00082.jpg,tampered
train,tampered_photo,00082.jpg,tampered
train,tampered_stamp,00082.jpg,tampered
train,genuine,00083.jpg,genuine
train,tampered_text,00083.jpg,tampered
train,tampered_photo,00083.jpg,tampered
train,tampered_stamp,00083.jpg,tampered
train,genuine,00084.jpg,genuine
train,tampered_text,00084.jpg,tampered
train,tampered_photo,00084.jpg,tampered
train,tampered_stamp,00084.jpg,tampered
train,genuine,00085.jpg,genuine
train,tampered_text,00085.jpg,tampered
train,tampered_photo,00085.jpg,tampered
train,tampered_stamp,00085.jpg,tampered
train,genuine,00086.jpg,genuine
train,tampered_text,00086.jpg,tampered
train,tampered_photo,00086.jpg,tampered
train,tampered_stamp,00086.jpg,tampered
train,genuine,00087.jpg,genuine
train,tampered_text,00087.jpg,tampered
train,tampered_photo,00087.jpg,tampered
train,tampered_stamp,00087.jpg,tampered
train,genuine,00088.jpg,genuine
train,tampered_text,00088.jpg,tampered
train,tampered_photo,00088.jpg,tampered
train,tampered_stamp,00088.jpg,tampered
train,genuine,00089.jpg,genuine
train,tampered_text,00089.jpg,tampered
train,tampered_photo,00089.jpg,tampered
train,tampered_stamp,00089.jpg,tampered
train,genuine,00090.jpg,genuine
train,tampered_text,00090.jpg,tampered
train,tampered_photo,00090.jpg,tampered
train,tampered_stamp,00090.jpg,tampered
train,genuine,00091.jpg,genuine
train,tampered_text,00091.jpg,tampered
train,tampered_photo,00091.jpg,tampered
train,tampered_stamp,00091.jpg,tampered
train,genuine,00092.jpg,genuine
train,tampered_text,00092.jpg,tampered
train,tampered_photo,00092.jpg,tampered
train,tampered_stamp,00092.jpg,tampered
train,genuine,00093.jpg,genuine
train,tampered_text,00093.jpg,tampered
train,tampered_photo,00093.jpg,tampered
train,tampered_stamp,00093.jpg,tampered
train,genuine,00094.jpg,genuine
train,tampered_text,00094.jpg,tampered
train,tampered_photo,00094.jpg,tampered
train,tampered_stamp,00094.jpg,tampered
train,genuine,00095.jpg,genuine
train,tampered_text,00095.jpg,tampered
train,tampered_photo,00095.jpg,tampered
train,tampered_stamp,00095.jpg,tampered
train,genuine,00096.jpg,genuine
train,tampered_text,00096.jpg,tampered
train,tampered_photo,00096.jpg,tampered
train,tampered_stamp,00096.jpg,tampered
train,genuine,00097.jpg,genuine
train,tampered_text,00097.jpg,tampered
train,tampered_photo,00097.jpg,tampered
train,tampered_stamp,00097.jpg,tampered
train,genuine,00098.jpg,genuine
train,tampered_text,00098.jpg,tampered
train,tampered_photo,00098.jpg,tampered
train,tampered_stamp,00098.jpg,tampered
train,genuine,00099.jpg,genuine
train,tampered_text,00099.jpg,tampered
train,tampered_photo,00099.jpg,tampered
train,tampered_stamp,00099.jpg,tampered
train,genuine,00100.jpg,genuine
train,tampered_text,00100.jpg,tampered
train,tampered_photo,00100.jpg,tampered
train,tampered_stamp,00100.jpg,tampered
train,genuine,00101.jpg,genuine
train,tampered_text,00101.jpg,tampered
train,tampered_photo,00101.jpg,tampered
train,tampered_stamp,00101.jpg,tampered
train,genuine,00102.jpg,genuine
train,tampered_text,00102.jpg,tampered
train,tampered_photo,00102.jpg,tampered
train,tampered_stamp,00102.jpg,tampered
train,genuine,00103.jpg,genuine
train,tampered_text,00103.jpg,tampered
train,tampered_photo,00103.jpg,tampered
train,tampered_stamp,00103.jpg,tampered
train,genuine,00104.jpg,genuine
train,tampered_text,00104.jpg,tampered
train,tampered_photo,00104.jpg,tampered
train,tampered_stamp,00104.jpg,tampered
train,genuine,00105.jpg,genuine
train,tampered_text,00105.jpg,tampered
train,tampered_photo,00105.jpg,tampered
train,tampered_stamp,00105.jpg,tampered
train,genuine,00106.jpg,genuine
train,tampered_text,00106.jpg,tampered
train,tampered_photo,00106.jpg,tampered
train,tampered_stamp,00106.jpg,tampered
train,genuine,00107.jpg,genuine
train,tampered_text,00107.jpg,tampered
train,tampered_photo,00107.jpg,tampered
train,tampered_stamp,00107.jpg,tampered
train,genuine,00108.jpg,genuine
train,tampered_text,00108.jpg,tampered
train,tampered_photo,00108.jpg,tampered
train,tampered_stamp,00108.jpg,tampered
train,genuine,00109.jpg,genuine
train,tampered_text,00109.jpg,tampered
train,tampered_photo,00109.jpg,tampered
train,tampered_stamp,00109.jpg,tampered
train,genuine,00110.jpg,genuine
train,tampered_text,00110.jpg,tampered
train,tampered_photo,00110.jpg,tampered
train,tampered_stamp,00110.jpg,tampered
train,genuine,00111.jpg,genuine
train,tampered_text,00111.jpg,tampered
train,tampered_photo,00111.jpg,tampered
train,tampered_stamp,00111.jpg,tampered
train,genuine,00112.jpg,genuine
train,tampered_text,00112.jpg,tampered
train,tampered_photo,00112.jpg,tampered
train,tampered_stamp,00112.jpg,tampered
train,genuine,00113.jpg,genuine
train,tampered_text,00113.jpg,tampered
train,tampered_photo,00113.jpg,tampered
train,tampered_stamp,00113.jpg,tampered
train,genuine,00114.jpg,genuine
train,tampered_text,00114.jpg,tampered
train,tampered_photo,00114.jpg,tampered
train,tampered_stamp,00114.jpg,tampered
train,genuine,00115.jpg,genuine
train,tampered_text,00115.jpg,tampered
train,tampered_photo,00115.jpg,tampered
train,tampered_stamp,00115.jpg,tampered
train,genuine,00116.jpg,genuine
train,tampered_text,00116.jpg,tampered
train,tampered_photo,00116.jpg,tampered
train,tampered_stamp,00116.jpg,tampered
train,genuine,00117.jpg,genuine
train,tampered_text,00117.jpg,tampered
train,tampered_photo,00117.jpg,tampered
train,tampered_stamp,00117.jpg,tampered
train,genuine,00118.jpg,genuine
train,tampered_text,00118.jpg,tampered
train,tampered_photo,00118.jpg,tampered
train,tampered_stamp,00118.jpg,tampered
train,genuine,00119.jpg,genuine
train,tampered_text,00119.jpg,tampered
train,tampered_photo,00119.jpg,tampered
train,tampered_stamp,00119.jpg,tampered
train,genuine,00120.jpg,genuine
train,tampered_text,00120.jpg,tampered
train,tampered_photo,00120.jpg,tampered
train,tampered_stamp,00120.jpg,tampered
train,genuine,00121.jpg,genuine
train,tampered_text,00121.jpg,tampered
train,tampered_photo,00121.jpg,tampered
train,tampered_stamp,00121.jpg,tampered
train,genuine,00122.jpg,genuine
train,tampered_text,00122.jpg,tampered
train,tampered_photo,00122.jpg,tampered
train,tampered_stamp,00122.jpg,tampered
train,genuine,00123.jpg,genuine
train,tampered_text,00123.jpg,tampered
train,tampered_photo,00123.jpg,tampered
train,tampered_stamp,00123.jpg,tampered
train,genuine,00124.jpg,genuine
train,tampered_text,00124.jpg,tampered
train,tampered_photo,00124.jpg,tampered
train,tampered_stamp,00124.jpg,tampered
train,genuine,00125.jpg,genuine
train,tampered_text,00125.jpg,tampered
train,tampered_photo,00125.jpg,tampered
train,tampered_stamp,00125.jpg,tampered
train,genuine,00126.jpg,genuine
train,tampered_text,00126.jpg,tampered
train,tampered_photo,00126.jpg,tampered
train,tampered_stamp,00126.jpg,tampered
train,genuine,00127.jpg,genuine
train,tampered_text,00127.jpg,tampered
train,tampered_photo,00127.jpg,tampered
train,tampered_stamp,00127.jpg,tampered
train,genuine,00128.jpg,genuine
train,tampered_text,00128.jpg,tampered
train,tampered_photo,00128.jpg,tampered
train,tampered_stamp,00128.jpg,tampered
train,genuine,00129.jpg,genuine
train,tampered_text,00129.jpg,tampered
train,tampered_photo,00129.jpg,tampered
train,tampered_stamp,00129.jpg,tampered
train,genuine,00130.jpg,genuine
train,tampered_text,00130.jpg,tampered
train,tampered_photo,00130.jpg,tampered
train,tampered_stamp,00130.jpg,tampered
train,genuine,00131.jpg,genuine
train,tampered_text,00131.jpg,tampered
train,tampered_photo,00131.jpg,tampered
train,tampered_stamp,00131.jpg,tampered
train,genuine,00132.jpg,genuine
train,tampered_text,00132.jpg,tampered
train,tampered_photo,00132.jpg,tampered
train,tampered_stamp,00132.jpg,tampered
train,genuine,00133.jpg,genuine
train,tampered_text,00133.jpg,tampered
train,tampered_photo,00133.jpg,tampered
train,tampered_stamp,00133.jpg,tampered
train,genuine,00134.jpg,genuine
train,tampered_text,00134.jpg,tampered
train,tampered_photo,00134.jpg,tampered
train,tampered_stamp,00134.jpg,tampered
train,genuine,00135.jpg,genuine
train,tampered_text,00135.jpg,tampered
train,tampered_photo,00135.jpg,tampered
train,tampered_stamp,00135.jpg,tampered
train,genuine,00136.jpg,genuine
train,tampered_text,00136.jpg,tampered
train,tampered_photo,00136.jpg,tampered
train,tampered_stamp,00136.jpg,tampered
train,genuine,00137.jpg,genuine
train,tampered_text,00137.jpg,tampered
train,tampered_photo,00137.jpg,tampered
train,tampered_stamp,00137.jpg,tampered
train,genuine,00138.jpg,genuine
train,tampered_text,00138.jpg,tampered
train,tampered_photo,00138.jpg,tampered
train,tampered_stamp,00138.jpg,tampered
train,genuine,00139.jpg,genuine
train,tampered_text,00139.jpg,tampered
train,tampered_photo,00139.jpg,tampered
train,tampered_stamp,00139.jpg,tampered
train,genuine,00140.jpg,genuine
train,tampered_text,00140.jpg,tampered
train,tampered_photo,00140.jpg,tampered
train,tampered_stamp,00140.jpg,tampered
train,genuine,00141.jpg,genuine
train,tampered_text,00141.jpg,tampered
train,tampered_photo,00141.jpg,tampered
train,tampered_stamp,00141.jpg,tampered
train,genuine,00142.jpg,genuine
train,tampered_text,00142.jpg,tampered
train,tampered_photo,00142.jpg,tampered
train,tampered_stamp,00142.jpg,tampered
train,genuine,00143.jpg,genuine
train,tampered_text,00143.jpg,tampered
train,tampered_photo,00143.jpg,tampered
train,tampered_stamp,00143.jpg,tampered
train,genuine,00144.jpg,genuine
train,tampered_text,00144.jpg,tampered
train,tampered_photo,00144.jpg,tampered
train,tampered_stamp,00144.jpg,tampered
train,genuine,00145.jpg,genuine
train,tampered_text,00145.jpg,tampered
train,tampered_photo,00145.jpg,tampered
train,tampered_stamp,00145.jpg,tampered
train,genuine,00146.jpg,genuine
train,tampered_text,00146.jpg,tampered
train,tampered_photo,00146.jpg,tampered
train,tampered_stamp,00146.jpg,tampered
train,genuine,00147.jpg,genuine
train,tampered_text,00147.jpg,tampered
train,tampered_photo,00147.jpg,tampered
train,tampered_stamp,00147.jpg,tampered
train,genuine,00148.jpg,genuine
train,tampered_text,00148.jpg,tampered
train,tampered_photo,00148.jpg,tampered
train,tampered_stamp,00148.jpg,tampered
train,genuine,00149.jpg,genuine
train,tampered_text,00149.jpg,tampered
train,tampered_photo,00149.jpg,tampered
train,tampered_stamp,00149.jpg,tampered
train,genuine,00150.jpg,genuine
train,tampered_text,00150.jpg,tampered
train,tampered_photo,00150.jpg,tampered
train,tampered_stamp,00150.jpg,tampered
train,genuine,00151.jpg,genuine
train,tampered_text,00151.jpg,tampered
train,tampered_photo,00151.jpg,tampered
train,tampered_stamp,00151.jpg,tampered
train,genuine,00152.jpg,genuine
train,tampered_text,00152.jpg,tampered
train,tampered_photo,00152.jpg,tampered
train,tampered_stamp,00152.jpg,tampered
train,genuine,00153.jpg,genuine
train,tampered_text,00153.jpg,tampered
train,tampered_photo,00153.jpg,tampered
train,tampered_stamp,00153.jpg,tampered
train,genuine,00154.jpg,genuine
train,tampered_text,00154.jpg,tampered
train,tampered_photo,00154.jpg,tampered
train,tampered_stamp,00154.jpg,tampered
train,genuine,00155.jpg,genuine
train,tampered_text,00155.jpg,tampered
train,tampered_photo,00155.jpg,tampered
train,tampered_stamp,00155.jpg,tampered
train,genuine,00156.jpg,genuine
train,tampered_text,00156.jpg,tampered
train,tampered_photo,00156.jpg,tampered
train,tampered_stamp,00156.jpg,tampered
train,genuine,00157.jpg,genuine
train,tampered_text,00157.jpg,tampered
train,tampered_photo,00157.jpg,tampered
train,tampered_stamp,00157.jpg,tampered
train,genuine,00158.jpg,genuine
train,tampered_text,00158.jpg,tampered
train,tampered_photo,00158.jpg,tampered
train,tampered_stamp,00158.jpg,tampered
train,genuine,00159.jpg,genuine
train,tampered_text,00159.jpg,tampered
train,tampered_photo,00159.jpg,tampered
train,tampered_stamp,00159.jpg,tampered
train,genuine,00160.jpg,genuine
train,tampered_text,00160.jpg,tampered
train,tampered_photo,00160.jpg,tampered
train,tampered_stamp,00160.jpg,tampered
train,genuine,00161.jpg,genuine
train,tampered_text,00161.jpg,tampered
train,tampered_photo,00161.jpg,tampered
train,tampered_stamp,00161.jpg,tampered
train,genuine,00162.jpg,genuine
train,tampered_text,00162.jpg,tampered
train,tampered_photo,00162.jpg,tampered
train,tampered_stamp,00162.jpg,tampered
train,genuine,00163.jpg,genuine
train,tampered_text,00163.jpg,tampered
train,tampered_photo,00163.jpg,tampered
train,tampered_stamp,00163.jpg,tampered
train,genuine,00164.jpg,genuine
train,tampered_text,00164.jpg,tampered
train,tampered_photo,00164.jpg,tampered
train,tampered_stamp,00164.jpg,tampered
train,genuine,00165.jpg,genuine
train,tampered_text,00165.jpg,tampered
train,tampered_photo,00165.jpg,tampered
train,tampered_stamp,00165.jpg,tampered
train,genuine,00166.jpg,genuine
train,tampered_text,00166.jpg,tampered
train,tampered_photo,00166.jpg,tampered
train,tampered_stamp,00166.jpg,tampered
train,genuine,00167.jpg,genuine
train,tampered_text,00167.jpg,tampered
train,tampered_photo,00167.jpg,tampered
train,tampered_stamp,00167.jpg,tampered
train,genuine,00168.jpg,genuine
train,tampered_text,00168.jpg,tampered
train,tampered_photo,00168.jpg,tampered
train,tampered_stamp,00168.jpg,tampered
train,genuine,00169.jpg,genuine
train,tampered_text,00169.jpg,tampered
train,tampered_photo,00169.jpg,tampered
train,tampered_stamp,00169.jpg,tampered
train,genuine,00170.jpg,genuine
train,tampered_text,00170.jpg,tampered
train,tampered_photo,00170.jpg,tampered
train,tampered_stamp,00170.jpg,tampered
train,genuine,00171.jpg,genuine
train,tampered_text,00171.jpg,tampered
train,tampered_photo,00171.jpg,tampered
train,tampered_stamp,00171.jpg,tampered
train,genuine,00172.jpg,genuine
train,tampered_text,00172.jpg,tampered
train,tampered_photo,00172.jpg,tampered
train,tampered_stamp,00172.jpg,tampered
train,genuine,00173.jpg,genuine
train,tampered_text,00173.jpg,tampered
train,tampered_photo,00173.jpg,tampered
train,tampered_stamp,00173.jpg,tampered
train,genuine,00174.jpg,genuine
train,tampered_text,00174.jpg,tampered
train,tampered_photo,00174.jpg,tampered
train,tampered_stamp,00174.jpg,tampered
train,genuine,00175.jpg,genuine
train,tampered_text,00175.jpg,tampered
train,tampered_photo,00175.jpg,tampered
train,tampered_stamp,00175.jpg,tampered
train,genuine,00176.jpg,genuine
train,tampered_text,00176.jpg,tampered
train,tampered_photo,00176.jpg,tampered
train,tampered_stamp,00176.jpg,tampered
train,genuine,00177.jpg,genuine
train,tampered_text,00177.jpg,tampered
train,tampered_photo,00177.jpg,tampered
train,tampered_stamp,00177.jpg,tampered
train,genuine,00178.jpg,genuine
train,tampered_text,00178.jpg,tampered
train,tampered_photo,00178.jpg,tampered
train,tampered_stamp,00178.jpg,tampered
train,genuine,00179.jpg,genuine
train,tampered_text,00179.jpg,tampered
train,tampered_photo,00179.jpg,tampered
train,tampered_stamp,00179.jpg,tampered
train,genuine,00180.jpg,genuine
train,tampered_text,00180.jpg,tampered
train,tampered_photo,00180.jpg,tampered
train,tampered_stamp,00180.jpg,tampered
train,genuine,00181.jpg,genuine
train,tampered_text,00181.jpg,tampered
train,tampered_photo,00181.jpg,tampered
train,tampered_stamp,00181.jpg,tampered
train,genuine,00182.jpg,genuine
train,tampered_text,00182.jpg,tampered
train,tampered_photo,00182.jpg,tampered
train,tampered_stamp,00182.jpg,tampered
train,genuine,00183.jpg,genuine
train,tampered_text,00183.jpg,tampered
train,tampered_photo,00183.jpg,tampered
train,tampered_stamp,00183.jpg,tampered
train,genuine,00184.jpg,genuine
train,tampered_text,00184.jpg,tampered
train,tampered_photo,00184.jpg,tampered
train,tampered_stamp,00184.jpg,tampered
train,genuine,00185.jpg,genuine
train,tampered_text,00185.jpg,tampered
train,tampered_photo,00185.jpg,tampered
train,tampered_stamp,00185.jpg,tampered
train,genuine,00186.jpg,genuine
train,tampered_text,00186.jpg,tampered
train,tampered_photo,00186.jpg,tampered
train,tampered_stamp,00186.jpg,tampered
train,genuine,00187.jpg,genuine
train,tampered_text,00187.jpg,tampered
train,tampered_photo,00187.jpg,tampered
train,tampered_stamp,00187.jpg,tampered
train,genuine,00188.jpg,genuine
train,tampered_text,00188.jpg,tampered
train,tampered_photo,00188.jpg,tampered
train,tampered_stamp,00188.jpg,tampered
train,genuine,00189.jpg,genuine
train,tampered_text,00189.jpg,tampered
train,tampered_photo,00189.jpg,tampered
train,tampered_stamp,00189.jpg,tampered
train,genuine,00190.jpg,genuine
train,tampered_text,00190.jpg,tampered
train,tampered_photo,00190.jpg,tampered
train,tampered_stamp,00190.jpg,tampered
train,genuine,00191.jpg,genuine
train,tampered_text,00191.jpg,tampered
train,tampered_photo,00191.jpg,tampered
train,tampered_stamp,00191.jpg,tampered
train,genuine,00192.jpg,genuine
train,tampered_text,00192.jpg,tampered
train,tampered_photo,00192.jpg,tampered
train,tampered_stamp,00192.jpg,tampered
train,genuine,00193.jpg,genuine
train,tampered_text,00193.jpg,tampered
train,tampered_photo,00193.jpg,tampered
train,tampered_stamp,00193.jpg,tampered
train,genuine,00194.jpg,genuine
train,tampered_text,00194.jpg,tampered
train,tampered_photo,00194.jpg,tampered
train,tampered_stamp,00194.jpg,tampered
train,genuine,00195.jpg,genuine
train,tampered_text,00195.jpg,tampered
train,tampered_photo,00195.jpg,tampered
train,tampered_stamp,00195.jpg,tampered
train,genuine,00196.jpg,genuine
train,tampered_text,00196.jpg,tampered
train,tampered_photo,00196.jpg,tampered
train,tampered_stamp,00196.jpg,tampered
train,genuine,00197.jpg,genuine
train,tampered_text,00197.jpg,tampered
train,tampered_photo,00197.jpg,tampered
train,tampered_stamp,00197.jpg,tampered
train,genuine,00198.jpg,genuine
train,tampered_text,00198.jpg,tampered
train,tampered_photo,00198.jpg,tampered
train,tampered_stamp,00198.jpg,tampered
train,genuine,00199.jpg,genuine
train,tampered_text,00199.jpg,tampered
train,tampered_photo,00199.jpg,tampered
train,tampered_stamp,00199.jpg,tampered
train,genuine,00200.jpg,genuine
train,tampered_text,00200.jpg,tampered
train,tampered_photo,00200.jpg,tampered
train,tampered_stamp,00200.jpg,tampered
train,genuine,00201.jpg,genuine
train,tampered_text,00201.jpg,tampered
train,tampered_photo,00201.jpg,tampered
train,tampered_stamp,00201.jpg,tampered
train,genuine,00202.jpg,genuine
train,tampered_text,00202.jpg,tampered
train,tampered_photo,00202.jpg,tampered
train,tampered_stamp,00202.jpg,tampered
train,genuine,00203.jpg,genuine
train,tampered_text,00203.jpg,tampered
train,tampered_photo,00203.jpg,tampered
train,tampered_stamp,00203.jpg,tampered
train,genuine,00204.jpg,genuine
train,tampered_text,00204.jpg,tampered
train,tampered_photo,00204.jpg,tampered
train,tampered_stamp,00204.jpg,tampered
train,genuine,00205.jpg,genuine
train,tampered_text,00205.jpg,tampered
train,tampered_photo,00205.jpg,tampered
train,tampered_stamp,00205.jpg,tampered
train,genuine,00206.jpg,genuine
train,tampered_text,00206.jpg,tampered
train,tampered_photo,00206.jpg,tampered
train,tampered_stamp,00206.jpg,tampered
train,genuine,00207.jpg,genuine
train,tampered_text,00207.jpg,tampered
train,tampered_photo,00207.jpg,tampered
train,tampered_stamp,00207.jpg,tampered
train,genuine,00208.jpg,genuine
train,tampered_text,00208.jpg,tampered
train,tampered_photo,00208.jpg,tampered
train,tampered_stamp,00208.jpg,tampered
train,genuine,00209.jpg,genuine
train,tampered_text,00209.jpg,tampered
train,tampered_photo,00209.jpg,tampered
train,tampered_stamp,00209.jpg,tampered
train,genuine,00210.jpg,genuine
train,tampered_text,00210.jpg,tampered
train,tampered_photo,00210.jpg,tampered
train,tampered_stamp,00210.jpg,tampered
train,genuine,00211.jpg,genuine
train,tampered_text,00211.jpg,tampered
train,tampered_photo,00211.jpg,tampered
train,tampered_stamp,00211.jpg,tampered
train,genuine,00212.jpg,genuine
train,tampered_text,00212.jpg,tampered
train,tampered_photo,00212.jpg,tampered
train,tampered_stamp,00212.jpg,tampered
train,genuine,00213.jpg,genuine
train,tampered_text,00213.jpg,tampered
train,tampered_photo,00213.jpg,tampered
train,tampered_stamp,00213.jpg,tampered
train,genuine,00214.jpg,genuine
train,tampered_text,00214.jpg,tampered
train,tampered_photo,00214.jpg,tampered
train,tampered_stamp,00214.jpg,tampered
train,genuine,00215.jpg,genuine
train,tampered_text,00215.jpg,tampered
train,tampered_photo,00215.jpg,tampered
train,tampered_stamp,00215.jpg,tampered
train,genuine,00216.jpg,genuine
train,tampered_text,00216.jpg,tampered
train,tampered_photo,00216.jpg,tampered
train,tampered_stamp,00216.jpg,tampered
train,genuine,00217.jpg,genuine
train,tampered_text,00217.jpg,tampered
train,tampered_photo,00217.jpg,tampered
train,tampered_stamp,00217.jpg,tampered
train,genuine,00218.jpg,genuine
train,tampered_text,00218.jpg,tampered
train,tampered_photo,00218.jpg,tampered
train,tampered_stamp,00218.jpg,tampered
train,genuine,00219.jpg,genuine
train,tampered_text,00219.jpg,tampered
train,tampered_photo,00219.jpg,tampered
train,tampered_stamp,00219.jpg,tampered
train,genuine,00220.jpg,genuine
train,tampered_text,00220.jpg,tampered
train,tampered_photo,00220.jpg,tampered
train,tampered_stamp,00220.jpg,tampered
train,genuine,00221.jpg,genuine
train,tampered_text,00221.jpg,tampered
train,tampered_photo,00221.jpg,tampered
train,tampered_stamp,00221.jpg,tampered
train,genuine,00222.jpg,genuine
train,tampered_text,00222.jpg,tampered
train,tampered_photo,00222.jpg,tampered
train,tampered_stamp,00222.jpg,tampered
train,genuine,00223.jpg,genuine
train,tampered_text,00223.jpg,tampered
train,tampered_photo,00223.jpg,tampered
train,tampered_stamp,00223.jpg,tampered
train,genuine,00224.jpg,genuine
train,tampered_text,00224.jpg,tampered
train,tampered_photo,00224.jpg,tampered
train,tampered_stamp,00224.jpg,tampered
train,genuine,00225.jpg,genuine
train,tampered_text,00225.jpg,tampered
train,tampered_photo,00225.jpg,tampered
train,tampered_stamp,00225.jpg,tampered
train,genuine,00226.jpg,genuine
train,tampered_text,00226.jpg,tampered
train,tampered_photo,00226.jpg,tampered
train,tampered_stamp,00226.jpg,tampered
train,genuine,00227.jpg,genuine
train,tampered_text,00227.jpg,tampered
train,tampered_photo,00227.jpg,tampered
train,tampered_stamp,00227.jpg,tampered
train,genuine,00228.jpg,genuine
train,tampered_text,00228.jpg,tampered
train,tampered_photo,00228.jpg,tampered
train,tampered_stamp,00228.jpg,tampered
train,genuine,00229.jpg,genuine
train,tampered_text,00229.jpg,tampered
train,tampered_photo,00229.jpg,tampered
train,tampered_stamp,00229.jpg,tampered
train,genuine,00230.jpg,genuine
train,tampered_text,00230.jpg,tampered
train,tampered_photo,00230.jpg,tampered
train,tampered_stamp,00230.jpg,tampered
train,genuine,00231.jpg,genuine
train,tampered_text,00231.jpg,tampered
train,tampered_photo,00231.jpg,tampered
train,tampered_stamp,00231.jpg,tampered
train,genuine,00232.jpg,genuine
train,tampered_text,00232.jpg,tampered
train,tampered_photo,00232.jpg,tampered
train,tampered_stamp,00232.jpg,tampered
train,genuine,00233.jpg,genuine
train,tampered_text,00233.jpg,tampered
train,tampered_photo,00233.jpg,tampered
train,tampered_stamp,00233.jpg,tampered
train,genuine,00234.jpg,genuine
train,tampered_text,00234.jpg,tampered
train,tampered_photo,00234.jpg,tampered
train,tampered_stamp,00234.jpg,tampered
train,genuine,00235.jpg,genuine
train,tampered_text,00235.jpg,tampered
train,tampered_photo,00235.jpg,tampered
train,tampered_stamp,00235.jpg,tampered
train,genuine,00236.jpg,genuine
train,tampered_text,00236.jpg,tampered
train,tampered_photo,00236.jpg,tampered
train,tampered_stamp,00236.jpg,tampered
train,genuine,00237.jpg,genuine
train,tampered_text,00237.jpg,tampered
train,tampered_photo,00237.jpg,tampered
train,tampered_stamp,00237.jpg,tampered
train,genuine,00238.jpg,genuine
train,tampered_text,00238.jpg,tampered
train,tampered_photo,00238.jpg,tampered
train,tampered_stamp,00238.jpg,tampered
train,genuine,00239.jpg,genuine
train,tampered_text,00239.jpg,tampered
train,tampered_photo,00239.jpg,tampered
train,tampered_stamp,00239.jpg,tampered
train,genuine,00240.jpg,genuine
train,tampered_text,00240.jpg,tampered
train,tampered_photo,00240.jpg,tampered
train,tampered_stamp,00240.jpg,tampered
train,genuine,00241.jpg,genuine
train,tampered_text,00241.jpg,tampered
train,tampered_photo,00241.jpg,tampered
train,tampered_stamp,00241.jpg,tampered
train,genuine,00242.jpg,genuine
train,tampered_text,00242.jpg,tampered
train,tampered_photo,00242.jpg,tampered
train,tampered_stamp,00242.jpg,tampered
train,genuine,00243.jpg,genuine
train,tampered_text,00243.jpg,tampered
train,tampered_photo,00243.jpg,tampered
train,tampered_stamp,00243.jpg,tampered
train,genuine,00244.jpg,genuine
train,tampered_text,00244.jpg,tampered
train,tampered_photo,00244.jpg,tampered
train,tampered_stamp,00244.jpg,tampered
train,genuine,00245.jpg,genuine
train,tampered_text,00245.jpg,tampered
train,tampered_photo,00245.jpg,tampered
train,tampered_stamp,00245.jpg,tampered
train,genuine,00246.jpg,genuine
train,tampered_text,00246.jpg,tampered
train,tampered_photo,00246.jpg,tampered
train,tampered_stamp,00246.jpg,tampered
train,genuine,00247.jpg,genuine
train,tampered_text,00247.jpg,tampered
train,tampered_photo,00247.jpg,tampered
train,tampered_stamp,00247.jpg,tampered
train,genuine,00248.jpg,genuine
train,tampered_text,00248.jpg,tampered
train,tampered_photo,00248.jpg,tampered
train,tampered_stamp,00248.jpg,tampered
train,genuine,00249.jpg,genuine
train,tampered_text,00249.jpg,tampered
train,tampered_photo,00249.jpg,tampered
train,tampered_stamp,00249.jpg,tampered
train,genuine,00250.jpg,genuine
train,tampered_text,00250.jpg,tampered
train,tampered_photo,00250.jpg,tampered
train,tampered_stamp,00250.jpg,tampered
train,genuine,00251.jpg,genuine
train,tampered_text,00251.jpg,tampered
train,tampered_photo,00251.jpg,tampered
train,tampered_stamp,00251.jpg,tampered
train,genuine,00252.jpg,genuine
train,tampered_text,00252.jpg,tampered
train,tampered_photo,00252.jpg,tampered
train,tampered_stamp,00252.jpg,tampered
train,genuine,00253.jpg,genuine
train,tampered_text,00253.jpg,tampered
train,tampered_photo,00253.jpg,tampered
train,tampered_stamp,00253.jpg,tampered
train,genuine,00254.jpg,genuine
train,tampered_text,00254.jpg,tampered
train,tampered_photo,00254.jpg,tampered
train,tampered_stamp,00254.jpg,tampered
train,genuine,00255.jpg,genuine
train,tampered_text,00255.jpg,tampered
train,tampered_photo,00255.jpg,tampered
train,tampered_stamp,00255.jpg,tampered
train,genuine,00256.jpg,genuine
train,tampered_text,00256.jpg,tampered
train,tampered_photo,00256.jpg,tampered
train,tampered_stamp,00256.jpg,tampered
train,genuine,00257.jpg,genuine
train,tampered_text,00257.jpg,tampered
train,tampered_photo,00257.jpg,tampered
train,tampered_stamp,00257.jpg,tampered
train,genuine,00258.jpg,genuine
train,tampered_text,00258.jpg,tampered
train,tampered_photo,00258.jpg,tampered
train,tampered_stamp,00258.jpg,tampered
train,genuine,00259.jpg,genuine
train,tampered_text,00259.jpg,tampered
train,tampered_photo,00259.jpg,tampered
train,tampered_stamp,00259.jpg,tampered
train,genuine,00260.jpg,genuine
train,tampered_text,00260.jpg,tampered
train,tampered_photo,00260.jpg,tampered
train,tampered_stamp,00260.jpg,tampered
train,genuine,00261.jpg,genuine
train,tampered_text,00261.jpg,tampered
train,tampered_photo,00261.jpg,tampered
train,tampered_stamp,00261.jpg,tampered
train,genuine,00262.jpg,genuine
train,tampered_text,00262.jpg,tampered
train,tampered_photo,00262.jpg,tampered
train,tampered_stamp,00262.jpg,tampered
train,genuine,00263.jpg,genuine
train,tampered_text,00263.jpg,tampered
train,tampered_photo,00263.jpg,tampered
train,tampered_stamp,00263.jpg,tampered
train,genuine,00264.jpg,genuine
train,tampered_text,00264.jpg,tampered
train,tampered_photo,00264.jpg,tampered
train,tampered_stamp,00264.jpg,tampered
train,genuine,00265.jpg,genuine
train,tampered_text,00265.jpg,tampered
train,tampered_photo,00265.jpg,tampered
train,tampered_stamp,00265.jpg,tampered
train,genuine,00266.jpg,genuine
train,tampered_text,00266.jpg,tampered
train,tampered_photo,00266.jpg,tampered
train,tampered_stamp,00266.jpg,tampered
train,genuine,00267.jpg,genuine
train,tampered_text,00267.jpg,tampered
train,tampered_photo,00267.jpg,tampered
train,tampered_stamp,00267.jpg,tampered
train,genuine,00268.jpg,genuine
train,tampered_text,00268.jpg,tampered
train,tampered_photo,00268.jpg,tampered
train,tampered_stamp,00268.jpg,tampered
train,genuine,00269.jpg,genuine
train,tampered_text,00269.jpg,tampered
train,tampered_photo,00269.jpg,tampered
train,tampered_stamp,00269.jpg,tampered
train,genuine,00270.jpg,genuine
train,tampered_text,00270.jpg,tampered
train,tampered_photo,00270.jpg,tampered
train,tampered_stamp,00270.jpg,tampered
train,genuine,00271.jpg,genuine
train,tampered_text,00271.jpg,tampered
train,tampered_photo,00271.jpg,tampered
train,tampered_stamp,00271.jpg,tampered
train,genuine,00272.jpg,genuine
train,tampered_text,00272.jpg,tampered
train,tampered_photo,00272.jpg,tampered
train,tampered_stamp,00272.jpg,tampered
train,genuine,00273.jpg,genuine
train,tampered_text,00273.jpg,tampered
train,tampered_photo,00273.jpg,tampered
train,tampered_stamp,00273.jpg,tampered
train,genuine,00274.jpg,genuine
train,tampered_text,00274.jpg,tampered
train,tampered_photo,00274.jpg,tampered
train,tampered_stamp,00274.jpg,tampered
train,genuine,00275.jpg,genuine
train,tampered_text,00275.jpg,tampered
train,tampered_photo,00275.jpg,tampered
train,tampered_stamp,00275.jpg,tampered
train,genuine,00276.jpg,genuine
train,tampered_text,00276.jpg,tampered
train,tampered_photo,00276.jpg,tampered
train,tampered_stamp,00276.jpg,tampered
train,genuine,00277.jpg,genuine
train,tampered_text,00277.jpg,tampered
train,tampered_photo,00277.jpg,tampered
train,tampered_stamp,00277.jpg,tampered
train,genuine,00278.jpg,genuine
train,tampered_text,00278.jpg,tampered
train,tampered_photo,00278.jpg,tampered
train,tampered_stamp,00278.jpg,tampered
train,genuine,00279.jpg,genuine
train,tampered_text,00279.jpg,tampered
train,tampered_photo,00279.jpg,tampered
train,tampered_stamp,00279.jpg,tampered
train,genuine,00280.jpg,genuine
train,tampered_text,00280.jpg,tampered
train,tampered_photo,00280.jpg,tampered
train,tampered_stamp,00280.jpg,tampered
train,genuine,00281.jpg,genuine
train,tampered_text,00281.jpg,tampered
train,tampered_photo,00281.jpg,tampered
train,tampered_stamp,00281.jpg,tampered
train,genuine,00282.jpg,genuine
train,tampered_text,00282.jpg,tampered
train,tampered_photo,00282.jpg,tampered
train,tampered_stamp,00282.jpg,tampered
train,genuine,00283.jpg,genuine
train,tampered_text,00283.jpg,tampered
train,tampered_photo,00283.jpg,tampered
train,tampered_stamp,00283.jpg,tampered
train,genuine,00284.jpg,genuine
train,tampered_text,00284.jpg,tampered
train,tampered_photo,00284.jpg,tampered
train,tampered_stamp,00284.jpg,tampered
train,genuine,00285.jpg,genuine
train,tampered_text,00285.jpg,tampered
train,tampered_photo,00285.jpg,tampered
train,tampered_stamp,00285.jpg,tampered
train,genuine,00286.jpg,genuine
train,tampered_text,00286.jpg,tampered
train,tampered_photo,00286.jpg,tampered
train,tampered_stamp,00286.jpg,tampered
train,genuine,00287.jpg,genuine
train,tampered_text,00287.jpg,tampered
train,tampered_photo,00287.jpg,tampered
train,tampered_stamp,00287.jpg,tampered
train,genuine,00288.jpg,genuine
train,tampered_text,00288.jpg,tampered
train,tampered_photo,00288.jpg,tampered
train,tampered_stamp,00288.jpg,tampered
train,genuine,00289.jpg,genuine
train,tampered_text,00289.jpg,tampered
train,tampered_photo,00289.jpg,tampered
train,tampered_stamp,00289.jpg,tampered
train,genuine,00290.jpg,genuine
train,tampered_text,00290.jpg,tampered
train,tampered_photo,00290.jpg,tampered
train,tampered_stamp,00290.jpg,tampered
train,genuine,00291.jpg,genuine
train,tampered_text,00291.jpg,tampered
train,tampered_photo,00291.jpg,tampered
train,tampered_stamp,00291.jpg,tampered
train,genuine,00292.jpg,genuine
train,tampered_text,00292.jpg,tampered
train,tampered_photo,00292.jpg,tampered
train,tampered_stamp,00292.jpg,tampered
train,genuine,00293.jpg,genuine
train,tampered_text,00293.jpg,tampered
train,tampered_photo,00293.jpg,tampered
train,tampered_stamp,00293.jpg,tampered
train,genuine,00294.jpg,genuine
train,tampered_text,00294.jpg,tampered
train,tampered_photo,00294.jpg,tampered
train,tampered_stamp,00294.jpg,tampered
train,genuine,00295.jpg,genuine
train,tampered_text,00295.jpg,tampered
train,tampered_photo,00295.jpg,tampered
train,tampered_stamp,00295.jpg,tampered
train,genuine,00296.jpg,genuine
train,tampered_text,00296.jpg,tampered
train,tampered_photo,00296.jpg,tampered
train,tampered_stamp,00296.jpg,tampered
train,genuine,00297.jpg,genuine
train,tampered_text,00297.jpg,tampered
train,tampered_photo,00297.jpg,tampered
train,tampered_stamp,00297.jpg,tampered
train,genuine,00298.jpg,genuine
train,tampered_text,00298.jpg,tampered
train,tampered_photo,00298.jpg,tampered
train,tampered_stamp,00298.jpg,tampered
train,genuine,00299.jpg,genuine
train,tampered_text,00299.jpg,tampered
train,tampered_photo,00299.jpg,tampered
train,tampered_stamp,00299.jpg,tampered
train,genuine,00300.jpg,genuine
train,tampered_text,00300.jpg,tampered
train,tampered_photo,00300.jpg,tampered
train,tampered_stamp,00300.jpg,tampered
train,genuine,00301.jpg,genuine
train,tampered_text,00301.jpg,tampered
train,tampered_photo,00301.jpg,tampered
train,tampered_stamp,00301.jpg,tampered
train,genuine,00302.jpg,genuine
train,tampered_text,00302.jpg,tampered
train,tampered_photo,00302.jpg,tampered
train,tampered_stamp,00302.jpg,tampered
train,genuine,00303.jpg,genuine
train,tampered_text,00303.jpg,tampered
train,tampered_photo,00303.jpg,tampered
train,tampered_stamp,00303.jpg,tampered
train,genuine,00304.jpg,genuine
train,tampered_text,00304.jpg,tampered
train,tampered_photo,00304.jpg,tampered
train,tampered_stamp,00304.jpg,tampered
train,genuine,00305.jpg,genuine
train,tampered_text,00305.jpg,tampered
train,tampered_photo,00305.jpg,tampered
train,tampered_stamp,00305.jpg,tampered
train,genuine,00306.jpg,genuine
train,tampered_text,00306.jpg,tampered
train,tampered_photo,00306.jpg,tampered
train,tampered_stamp,00306.jpg,tampered
train,genuine,00307.jpg,genuine
train,tampered_text,00307.jpg,tampered
train,tampered_photo,00307.jpg,tampered
train,tampered_stamp,00307.jpg,tampered
train,genuine,00308.jpg,genuine
train,tampered_text,00308.jpg,tampered
train,tampered_photo,00308.jpg,tampered
train,tampered_stamp,00308.jpg,tampered
train,genuine,00309.jpg,genuine
train,tampered_text,00309.jpg,tampered
train,tampered_photo,00309.jpg,tampered
train,tampered_stamp,00309.jpg,tampered
train,genuine,00310.jpg,genuine
train,tampered_text,00310.jpg,tampered
train,tampered_photo,00310.jpg,tampered
train,tampered_stamp,00310.jpg,tampered
train,genuine,00311.jpg,genuine
train,tampered_text,00311.jpg,tampered
train,tampered_photo,00311.jpg,tampered
train,tampered_stamp,00311.jpg,tampered
train,genuine,00312.jpg,genuine
train,tampered_text,00312.jpg,tampered
train,tampered_photo,00312.jpg,tampered
train,tampered_stamp,00312.jpg,tampered
train,genuine,00313.jpg,genuine
train,tampered_text,00313.jpg,tampered
train,tampered_photo,00313.jpg,tampered
train,tampered_stamp,00313.jpg,tampered
train,genuine,00314.jpg,genuine
train,tampered_text,00314.jpg,tampered
train,tampered_photo,00314.jpg,tampered
train,tampered_stamp,00314.jpg,tampered
train,genuine,00315.jpg,genuine
train,tampered_text,00315.jpg,tampered
train,tampered_photo,00315.jpg,tampered
train,tampered_stamp,00315.jpg,tampered
train,genuine,00316.jpg,genuine
train,tampered_text,00316.jpg,tampered
train,tampered_photo,00316.jpg,tampered
train,tampered_stamp,00316.jpg,tampered
train,genuine,00317.jpg,genuine
train,tampered_text,00317.jpg,tampered
train,tampered_photo,00317.jpg,tampered
train,tampered_stamp,00317.jpg,tampered
train,genuine,00318.jpg,genuine
train,tampered_text,00318.jpg,tampered
train,tampered_photo,00318.jpg,tampered
train,tampered_stamp,00318.jpg,tampered
train,genuine,00319.jpg,genuine
train,tampered_text,00319.jpg,tampered
train,tampered_photo,00319.jpg,tampered
train,tampered_stamp,00319.jpg,tampered
val,genuine,00320.jpg,genuine
val,tampered_text,00320.jpg,tampered
val,tampered_photo,00320.jpg,tampered
val,tampered_stamp,00320.jpg,tampered
val,genuine,00321.jpg,genuine
val,tampered_text,00321.jpg,tampered
val,tampered_photo,00321.jpg,tampered
val,tampered_stamp,00321.jpg,tampered
val,genuine,00322.jpg,genuine
val,tampered_text,00322.jpg,tampered
val,tampered_photo,00322.jpg,tampered
val,tampered_stamp,00322.jpg,tampered
val,genuine,00323.jpg,genuine
val,tampered_text,00323.jpg,tampered
val,tampered_photo,00323.jpg,tampered
val,tampered_stamp,00323.jpg,tampered
val,genuine,00324.jpg,genuine
val,tampered_text,00324.jpg,tampered
val,tampered_photo,00324.jpg,tampered
val,tampered_stamp,00324.jpg,tampered
val,genuine,00325.jpg,genuine
val,tampered_text,00325.jpg,tampered
val,tampered_photo,00325.jpg,tampered
val,tampered_stamp,00325.jpg,tampered
val,genuine,00326.jpg,genuine
val,tampered_text,00326.jpg,tampered
val,tampered_photo,00326.jpg,tampered
val,tampered_stamp,00326.jpg,tampered
val,genuine,00327.jpg,genuine
val,tampered_text,00327.jpg,tampered
val,tampered_photo,00327.jpg,tampered
val,tampered_stamp,00327.jpg,tampered
val,genuine,00328.jpg,genuine
val,tampered_text,00328.jpg,tampered
val,tampered_photo,00328.jpg,tampered
val,tampered_stamp,00328.jpg,tampered
val,genuine,00329.jpg,genuine
val,tampered_text,00329.jpg,tampered
val,tampered_photo,00329.jpg,tampered
val,tampered_stamp,00329.jpg,tampered
val,genuine,00330.jpg,genuine
val,tampered_text,00330.jpg,tampered
val,tampered_photo,00330.jpg,tampered
val,tampered_stamp,00330.jpg,tampered
val,genuine,00331.jpg,genuine
val,tampered_text,00331.jpg,tampered
val,tampered_photo,00331.jpg,tampered
val,tampered_stamp,00331.jpg,tampered
val,genuine,00332.jpg,genuine
val,tampered_text,00332.jpg,tampered
val,tampered_photo,00332.jpg,tampered
val,tampered_stamp,00332.jpg,tampered
val,genuine,00333.jpg,genuine
val,tampered_text,00333.jpg,tampered
val,tampered_photo,00333.jpg,tampered
val,tampered_stamp,00333.jpg,tampered
val,genuine,00334.jpg,genuine
val,tampered_text,00334.jpg,tampered
val,tampered_photo,00334.jpg,tampered
val,tampered_stamp,00334.jpg,tampered
val,genuine,00335.jpg,genuine
val,tampered_text,00335.jpg,tampered
val,tampered_photo,00335.jpg,tampered
val,tampered_stamp,00335.jpg,tampered
val,genuine,00336.jpg,genuine
val,tampered_text,00336.jpg,tampered
val,tampered_photo,00336.jpg,tampered
val,tampered_stamp,00336.jpg,tampered
val,genuine,00337.jpg,genuine
val,tampered_text,00337.jpg,tampered
val,tampered_photo,00337.jpg,tampered
val,tampered_stamp,00337.jpg,tampered
val,genuine,00338.jpg,genuine
val,tampered_text,00338.jpg,tampered
val,tampered_photo,00338.jpg,tampered
val,tampered_stamp,00338.jpg,tampered
val,genuine,00339.jpg,genuine
val,tampered_text,00339.jpg,tampered
val,tampered_photo,00339.jpg,tampered
val,tampered_stamp,00339.jpg,tampered
val,genuine,00340.jpg,genuine
val,tampered_text,00340.jpg,tampered
val,tampered_photo,00340.jpg,tampered
val,tampered_stamp,00340.jpg,tampered
val,genuine,00341.jpg,genuine
val,tampered_text,00341.jpg,tampered
val,tampered_photo,00341.jpg,tampered
val,tampered_stamp,00341.jpg,tampered
val,genuine,00342.jpg,genuine
val,tampered_text,00342.jpg,tampered
val,tampered_photo,00342.jpg,tampered
val,tampered_stamp,00342.jpg,tampered
val,genuine,00343.jpg,genuine
val,tampered_text,00343.jpg,tampered
val,tampered_photo,00343.jpg,tampered
val,tampered_stamp,00343.jpg,tampered
val,genuine,00344.jpg,genuine
val,tampered_text,00344.jpg,tampered
val,tampered_photo,00344.jpg,tampered
val,tampered_stamp,00344.jpg,tampered
val,genuine,00345.jpg,genuine
val,tampered_text,00345.jpg,tampered
val,tampered_photo,00345.jpg,tampered
val,tampered_stamp,00345.jpg,tampered
val,genuine,00346.jpg,genuine
val,tampered_text,00346.jpg,tampered
val,tampered_photo,00346.jpg,tampered
val,tampered_stamp,00346.jpg,tampered
val,genuine,00347.jpg,genuine
val,tampered_text,00347.jpg,tampered
val,tampered_photo,00347.jpg,tampered
val,tampered_stamp,00347.jpg,tampered
val,genuine,00348.jpg,genuine
val,tampered_text,00348.jpg,tampered
val,tampered_photo,00348.jpg,tampered
val,tampered_stamp,00348.jpg,tampered
val,genuine,00349.jpg,genuine
val,tampered_text,00349.jpg,tampered
val,tampered_photo,00349.jpg,tampered
val,tampered_stamp,00349.jpg,tampered
val,genuine,00350.jpg,genuine
val,tampered_text,00350.jpg,tampered
val,tampered_photo,00350.jpg,tampered
val,tampered_stamp,00350.jpg,tampered
val,genuine,00351.jpg,genuine
val,tampered_text,00351.jpg,tampered
val,tampered_photo,00351.jpg,tampered
val,tampered_stamp,00351.jpg,tampered
val,genuine,00352.jpg,genuine
val,tampered_text,00352.jpg,tampered
val,tampered_photo,00352.jpg,tampered
val,tampered_stamp,00352.jpg,tampered
val,genuine,00353.jpg,genuine
val,tampered_text,00353.jpg,tampered
val,tampered_photo,00353.jpg,tampered
val,tampered_stamp,00353.jpg,tampered
val,genuine,00354.jpg,genuine
val,tampered_text,00354.jpg,tampered
val,tampered_photo,00354.jpg,tampered
val,tampered_stamp,00354.jpg,tampered
val,genuine,00355.jpg,genuine
val,tampered_text,00355.jpg,tampered
val,tampered_photo,00355.jpg,tampered
val,tampered_stamp,00355.jpg,tampered
val,genuine,00356.jpg,genuine
val,tampered_text,00356.jpg,tampered
val,tampered_photo,00356.jpg,tampered
val,tampered_stamp,00356.jpg,tampered
val,genuine,00357.jpg,genuine
val,tampered_text,00357.jpg,tampered
val,tampered_photo,00357.jpg,tampered
val,tampered_stamp,00357.jpg,tampered
val,genuine,00358.jpg,genuine
val,tampered_text,00358.jpg,tampered
val,tampered_photo,00358.jpg,tampered
val,tampered_stamp,00358.jpg,tampered
val,genuine,00359.jpg,genuine
val,tampered_text,00359.jpg,tampered
val,tampered_photo,00359.jpg,tampered
val,tampered_stamp,00359.jpg,tampered
test,genuine,00360.jpg,genuine
test,tampered_text,00360.jpg,tampered
test,tampered_photo,00360.jpg,tampered
test,tampered_stamp,00360.jpg,tampered
test,genuine,00361.jpg,genuine
test,tampered_text,00361.jpg,tampered
test,tampered_photo,00361.jpg,tampered
test,tampered_stamp,00361.jpg,tampered
test,genuine,00362.jpg,genuine
test,tampered_text,00362.jpg,tampered
test,tampered_photo,00362.jpg,tampered
test,tampered_stamp,00362.jpg,tampered
test,genuine,00363.jpg,genuine
test,tampered_text,00363.jpg,tampered
test,tampered_photo,00363.jpg,tampered
test,tampered_stamp,00363.jpg,tampered
test,genuine,00364.jpg,genuine
test,tampered_text,00364.jpg,tampered
test,tampered_photo,00364.jpg,tampered
test,tampered_stamp,00364.jpg,tampered
test,genuine,00365.jpg,genuine
test,tampered_text,00365.jpg,tampered
test,tampered_photo,00365.jpg,tampered
test,tampered_stamp,00365.jpg,tampered
test,genuine,00366.jpg,genuine
test,tampered_text,00366.jpg,tampered
test,tampered_photo,00366.jpg,tampered
test,tampered_stamp,00366.jpg,tampered
test,genuine,00367.jpg,genuine
test,tampered_text,00367.jpg,tampered
test,tampered_photo,00367.jpg,tampered
test,tampered_stamp,00367.jpg,tampered
test,genuine,00368.jpg,genuine
test,tampered_text,00368.jpg,tampered
test,tampered_photo,00368.jpg,tampered
test,tampered_stamp,00368.jpg,tampered
test,genuine,00369.jpg,genuine
test,tampered_text,00369.jpg,tampered
test,tampered_photo,00369.jpg,tampered
test,tampered_stamp,00369.jpg,tampered
test,genuine,00370.jpg,genuine
test,tampered_text,00370.jpg,tampered
test,tampered_photo,00370.jpg,tampered
test,tampered_stamp,00370.jpg,tampered
test,genuine,00371.jpg,genuine
test,tampered_text,00371.jpg,tampered
test,tampered_photo,00371.jpg,tampered
test,tampered_stamp,00371.jpg,tampered
test,genuine,00372.jpg,genuine
test,tampered_text,00372.jpg,tampered
test,tampered_photo,00372.jpg,tampered
test,tampered_stamp,00372.jpg,tampered
test,genuine,00373.jpg,genuine
test,tampered_text,00373.jpg,tampered
test,tampered_photo,00373.jpg,tampered
test,tampered_stamp,00373.jpg,tampered
test,genuine,00374.jpg,genuine
test,tampered_text,00374.jpg,tampered
test,tampered_photo,00374.jpg,tampered
test,tampered_stamp,00374.jpg,tampered
test,genuine,00375.jpg,genuine
test,tampered_text,00375.jpg,tampered
test,tampered_photo,00375.jpg,tampered
test,tampered_stamp,00375.jpg,tampered
test,genuine,00376.jpg,genuine
test,tampered_text,00376.jpg,tampered
test,tampered_photo,00376.jpg,tampered
test,tampered_stamp,00376.jpg,tampered
test,genuine,00377.jpg,genuine
test,tampered_text,00377.jpg,tampered
test,tampered_photo,00377.jpg,tampered
test,tampered_stamp,00377.jpg,tampered
test,genuine,00378.jpg,genuine
test,tampered_text,00378.jpg,tampered
test,tampered_photo,00378.jpg,tampered
test,tampered_stamp,00378.jpg,tampered
test,genuine,00379.jpg,genuine
test,tampered_text,00379.jpg,tampered
test,tampered_photo,00379.jpg,tampered
test,tampered_stamp,00379.jpg,tampered
test,genuine,00380.jpg,genuine
test,tampered_text,00380.jpg,tampered
test,tampered_photo,00380.jpg,tampered
test,tampered_stamp,00380.jpg,tampered
test,genuine,00381.jpg,genuine
test,tampered_text,00381.jpg,tampered
test,tampered_photo,00381.jpg,tampered
test,tampered_stamp,00381.jpg,tampered
test,genuine,00382.jpg,genuine
test,tampered_text,00382.jpg,tampered
test,tampered_photo,00382.jpg,tampered
test,tampered_stamp,00382.jpg,tampered
test,genuine,00383.jpg,genuine
test,tampered_text,00383.jpg,tampered
test,tampered_photo,00383.jpg,tampered
test,tampered_stamp,00383.jpg,tampered
test,genuine,00384.jpg,genuine
test,tampered_text,00384.jpg,tampered
test,tampered_photo,00384.jpg,tampered
test,tampered_stamp,00384.jpg,tampered
test,genuine,00385.jpg,genuine
test,tampered_text,00385.jpg,tampered
test,tampered_photo,00385.jpg,tampered
test,tampered_stamp,00385.jpg,tampered
test,genuine,00386.jpg,genuine
test,tampered_text,00386.jpg,tampered
test,tampered_photo,00386.jpg,tampered
test,tampered_stamp,00386.jpg,tampered
test,genuine,00387.jpg,genuine
test,tampered_text,00387.jpg,tampered
test,tampered_photo,00387.jpg,tampered
test,tampered_stamp,00387.jpg,tampered
test,genuine,00388.jpg,genuine
test,tampered_text,00388.jpg,tampered
test,tampered_photo,00388.jpg,tampered
test,tampered_stamp,00388.jpg,tampered
test,genuine,00389.jpg,genuine
test,tampered_text,00389.jpg,tampered
test,tampered_photo,00389.jpg,tampered
test,tampered_stamp,00389.jpg,tampered
test,genuine,00390.jpg,genuine
test,tampered_text,00390.jpg,tampered
test,tampered_photo,00390.jpg,tampered
test,tampered_stamp,00390.jpg,tampered
test,genuine,00391.jpg,genuine
test,tampered_text,00391.jpg,tampered
test,tampered_photo,00391.jpg,tampered
test,tampered_stamp,00391.jpg,tampered
test,genuine,00392.jpg,genuine
test,tampered_text,00392.jpg,tampered
test,tampered_photo,00392.jpg,tampered
test,tampered_stamp,00392.jpg,tampered
test,genuine,00393.jpg,genuine
test,tampered_text,00393.jpg,tampered
test,tampered_photo,00393.jpg,tampered
test,tampered_stamp,00393.jpg,tampered
test,genuine,00394.jpg,genuine
test,tampered_text,00394.jpg,tampered
test,tampered_photo,00394.jpg,tampered
test,tampered_stamp,00394.jpg,tampered
test,genuine,00395.jpg,genuine
test,tampered_text,00395.jpg,tampered
test,tampered_photo,00395.jpg,tampered
test,tampered_stamp,00395.jpg,tampered
test,genuine,00396.jpg,genuine
test,tampered_text,00396.jpg,tampered
test,tampered_photo,00396.jpg,tampered
test,tampered_stamp,00396.jpg,tampered
test,genuine,00397.jpg,genuine
test,tampered_text,00397.jpg,tampered
test,tampered_photo,00397.jpg,tampered
test,tampered_stamp,00397.jpg,tampered
test,genuine,00398.jpg,genuine
test,tampered_text,00398.jpg,tampered
test,tampered_photo,00398.jpg,tampered
test,tampered_stamp,00398.jpg,tampered
test,genuine,00399.jpg,genuine
test,tampered_text,00399.jpg,tampered
test,tampered_photo,00399.jpg,tampered
test,tampered_stamp,00399.jpg,tampered
